{"SunBlessed Farms": 137.99999999999997, "LeafyOrchards Inc.": 137.99999999999997, "PureLand Agriculture": 114.99999999999999, "Timberwise Forestry": 114.99999999999999, "GrowThrive Farms": 114.99999999999999, "VerdantPlains AgriTech": 114.99999999999999, "GreenHarvest Co.": 114.99999999999999, "EcoFields Agriculture": 114.99999999999999, "GoldenGrain Harvesters": 114.99999999999999, "AgroGenius Corp.": 137.99999999999997, "NatureBounty Agriculture": 114.99999999999999, "WiseAcres Farming": 114.99999999999999, "SunRich Fields": 120.0, "HealthyRoots Farming": 120.0, "FarmCreators Co.": 120.0, "TimberGuard Inc.": 120.0, "GreenAcres Agriculture": 120.0, "TimberCrafters Inc.": 120.0, "AgroTerra Farms": 120.0, "LeafyTimbers Forestry": 120.0, "GreenRiver Growers": 120.0, "TreeFort Forestry": 120.0, "AgriMasters Co.": 120.0, "FieldGuard Agriculture": 120.0, "HarvestHeritage Farms": 120.0, "SunKissed Growers": 120.0, "GreenGrove Agriculture": 120.0, "FieldPioneers Agriculture": 120.0, "ForestBounty Timber": 120.0}