{"ForestTreasures Inc.": 116.55000000000001, "AgroGenius Corp.": 116.55000000000001, "VerdantPlains AgriTech": 58.275000000000006, "GoldenGrain Harvesters": 105.0, "PureLand Agriculture": 52.5, "HarvestMoon Co.": 116.55000000000001, "EarthSprout Farms": 116.55000000000001, "SunBlessed Farms": 206.16529500000001, "FarmFusion AgriTech": 58.275000000000006, "Timberwise Forestry": 103.08264750000001, "WiseAcres Farming": 116.55000000000001, "GreenHarvest Co.": 116.55000000000001, "CropWave Farms": 50.0, "ForestKeeper Timber": 50.0, "GreenRiver Growers": 50.0, "GreenAcres Agriculture": 50.0, "TreeWhisperers Inc.": 50.0, "TimberArtisans Inc.": 88.44500000000001, "Gift Agriculture": 50.0, "PlantPioneers Co.": 50.0, "TimberNest Forestry": 50.0, "EcoFields Agriculture": 55.50000000000001, "SunFields Agriculture": 88.44500000000001, "ForestEssence Timber": 50.0, "FieldGuard Agriculture": 50.0, "TimberHarvesters Inc.": 50.0, "SunTouched Fields": 50.0, "EarthNurture Farms": 50.0, "HealthyRoots Farming": 111.00000000000001, "NatureBounty Agriculture": 111.00000000000001, "ForestGuardians Inc.": 196.34790000000004, "GrowThrive Farms": 111.00000000000001, "FieldMasters Co.": 176.89000000000001, "WiseWoods Timber": 176.89000000000001, "AgroTerra Farms": 176.89000000000001, "FarmRevolution Co.": 176.89000000000001, "LeafyOrchards Inc.": 176.89000000000001, "TreeShepherds Inc.": 176.89000000000001, "GrowHub Farms": 176.89000000000001, "SunRich Fields": 176.89000000000001, "GreenSpirit Agriculture": 176.89000000000001, "EarthEssence Agriculture": 176.89000000000001, "TreeHarbor Timber": 176.89000000000001, "BountifulBranches Forestry": 176.89000000000001, "FarmFusion Agriculture": 176.89000000000001, "ForestFusion Timber": 176.89000000000001, "FieldFortune Farms": 176.89000000000001}