{"SunBlessed Farms": 149.04, "LeafyOrchards Inc.": 149.04, "PureLand Agriculture": 124.19999999999999, "Timberwise Forestry": 124.19999999999999, "GrowThrive Farms": 114.99999999999999, "VerdantPlains AgriTech": 124.19999999999999, "GreenHarvest Co.": 124.19999999999999, "EcoFields Agriculture": 124.19999999999999, "GoldenGrain Harvesters": 124.19999999999999, "AgroGenius Corp.": 149.04, "NatureBounty Agriculture": 124.19999999999999, "WiseAcres Farming": 124.19999999999999, "SunRich Fields": 120.0, "HealthyRoots Farming": 129.60000000000002, "FarmCreators Co.": 120.0, "TimberGuard Inc.": 120.0, "GreenAcres Agriculture": 120.0, "TimberCrafters Inc.": 120.0, "AgroTerra Farms": 120.0, "LeafyTimbers Forestry": 120.0, "GreenRiver Growers": 120.0, "TreeFort Forestry": 120.0, "AgriMasters Co.": 120.0, "FieldGuard Agriculture": 120.0, "HarvestHeritage Farms": 120.0, "SunKissed Growers": 120.0, "GreenGrove Agriculture": 120.0, "FieldPioneers Agriculture": 120.0, "ForestBounty Timber": 120.0, "FreshCrop Creators": 108.0, "FarmFusion AgriTech": 108.0, "ForestTreasures Inc.": 108.0, "HarvestMoon Co.": 108.0, "EarthSprout Farms": 108.0}